true_labels,predicted_labels,features
4,4,[0.4277933  0.49784306 2.3462775  ... 0.         0.         0.        ]
4,4,[0.34849644 0.827724   1.1814888  ... 0.         0.64955676 0.93221176]
1,1,[0.        0.        0.        ... 1.4001384 1.7982675 1.739118 ]
1,1,[0.25640526 0.36776975 0.62919575 ... 0.         0.         0.        ]
2,3,[0.2282754  0.13195491 0.0664276  ... 0.19564454 0.25382167 0.3363995 ]
2,2,[0.46987274 0.20446071 0.20446071 ... 0.         0.         0.        ]
4,4,[0.08648816 0.09132487 0.09132487 ... 0.         0.21777044 0.34300414]
4,4,[0.         0.42190546 0.7331627  ... 0.85799277 0.12273584 0.471173  ]
2,3,[0.8432418  0.00848327 0.         ... 0.03812803 0.34413412 0.3141847 ]
4,2,[0.08652836 0.         0.         ... 0.         0.         0.        ]
3,3,[0.99224496 1.0782628  1.2499906  ... 0.62117785 0.51818967 0.51818967]
0,0,[1.1168803 3.093909  3.093909  ... 1.8546611 1.9050542 1.7560027]
3,3,[1.0034939  1.6310337  1.0928477  ... 1.7106885  0.87103236 0.7684751 ]
0,0,[0.19599497 0.         0.         ... 1.3694707  1.6933652  1.6933652 ]
3,3,[0.06149321 0.         0.         ... 0.78960097 0.88836175 0.86490464]
1,1,[0.35440677 1.0024906  1.0024906  ... 0.33446184 0.33446184 0.        ]
1,1,[0.59993804 0.24627496 0.48004878 ... 0.         0.         0.02141747]
1,1,[0.58587563 0.58587563 0.         ... 0.25789803 2.2319283  2.4688506 ]
2,2,[0.         0.         0.21543829 ... 0.1317257  0.1317257  0.07221342]
2,2,[1.1660253 1.1323944 1.0127556 ... 0.        0.        0.       ]
3,3,[0.         0.         0.         ... 0.8608529  0.8608529  0.70934737]
2,2,[0.43610615 0.42906427 0.5984362  ... 1.8778032  1.8088061  1.5629327 ]
1,1,[0.08203734 0.         0.         ... 0.04288759 0.35644498 0.40649405]
4,4,[0.         0.31161422 1.9115516  ... 0.24176386 0.4795845  0.66186726]
0,0,[0.66150254 0.83277667 0.7892522  ... 0.7109452  0.75541246 0.75819176]
1,1,[0.2724406  0.11086557 0.         ... 1.8809508  1.810695   3.0713487 ]
3,3,[0.         0.         0.04011077 ... 0.         0.         0.        ]
0,0,[0.        0.        0.        ... 1.3479103 1.4592032 1.2668685]
2,2,[2.8608115  2.8608115  1.3070396  ... 0.51454645 0.34684122 0.14909899]
4,4,[0.         0.13640858 0.13640858 ... 1.135366   0.92717147 0.909524  ]
4,3,[0.3526551  0.76347804 0.8789136  ... 0.         0.         0.1591516 ]
2,4,[2.3522239  3.26548    3.2356217  ... 0.23387206 0.51830244 1.5556582 ]
4,4,[0.00562112 2.5624566  2.642779   ... 2.41846    2.41846    1.6477945 ]
3,3,[0.9617956  0.81299615 1.1602478  ... 0.         0.         0.        ]
4,4,[0.        0.8927984 0.8927984 ... 2.2474272 2.2474272 2.0561175]
2,4,[0.        0.        0.0787437 ... 0.        0.        0.       ]
1,1,[0.00530302 0.         0.         ... 1.4097228  0.8067166  0.56400883]
1,1,[0.9110259 1.2677634 1.2046697 ... 1.8066965 0.7913255 0.2672888]
3,3,[0.83625424 0.3101796  0.20344771 ... 0.03508889 0.         0.05084923]
4,3,[0.0824682  1.8940337  1.8940337  ... 0.30317998 0.5060377  0.7089394 ]
2,3,[0.         0.         0.39521223 ... 0.         0.         0.        ]
2,2,[0. 0. 0. ... 0. 0. 0.]
2,2,[0.14327386 0.50579435 0.32372856 ... 0.10736257 0.02841898 0.11868656]
4,4,[0.7062311  0.9057542  1.1619283  ... 0.3477264  0.63462996 0.62561446]
0,0,[0.5021975  0.7095218  0.81787854 ... 0.         0.         0.        ]
0,0,[0.46321326 0.37801751 0.8731642  ... 0.39809963 0.83098966 1.0149959 ]
0,0,[0.3006834 0.        0.        ... 0.920267  1.043028  1.2146809]
1,1,[0.08392382 0.651415   1.6155632  ... 0.         0.         0.        ]
1,1,[0.62486666 0.2915182  0.2915182  ... 0.         0.         0.        ]
3,3,[1.2551404  1.987563   1.3695061  ... 1.6172049  0.73745173 0.6504127 ]
4,4,[0.01066722 0.34519714 0.5011054  ... 2.1348646  2.4545548  2.1885448 ]
2,2,[0.6733529 2.010546  2.010546  ... 0.491781  0.8397901 0.9781303]
3,3,[0.44424018 0.         0.         ... 0.18998086 0.43701378 0.34151095]
1,1,[0.2862347  0.12095191 0.17435007 ... 0.7445607  0.45581615 0.13800234]
1,1,[1.1024663  0.03100576 0.20856531 ... 0.         0.         0.        ]
4,4,[0.         0.         0.         ... 0.5420072  0.         0.02631346]
2,2,[0.22941165 0.         0.60472983 ... 0.         0.         0.        ]
4,4,[1.3673216  1.3724732  0.63272566 ... 1.0923032  2.02386    2.02386   ]
3,3,[0.2439964  0.06820586 0.         ... 0.         0.         0.        ]
3,3,[0.        0.        0.        ... 0.2397261 0.5246932 0.8707702]
2,2,[0.09528961 0.6303837  1.789914   ... 0.         0.0476616  0.        ]
3,3,[0.8337418  0.41983438 0.2179436  ... 0.         0.         0.        ]
4,4,[0.72396606 0.95033044 0.9134625  ... 0.5229352  0.45852613 0.20054853]
4,4,[0.61371607 0.86960804 0.77851146 ... 0.         0.         0.        ]
2,4,[1.0772003 1.6468954 1.6468954 ... 1.8059171 1.8059171 1.4261781]
0,0,[0.82546127 0.38615704 0.         ... 1.9588791  2.031502   1.623427  ]
0,4,[0.17042027 0.         0.13300425 ... 1.14183    1.9005284  2.2025247 ]
2,1,[0.08413918 0.08413918 0.         ... 0.         0.         0.        ]
0,0,[0.6481969  0.25352493 0.1560977  ... 1.558863   1.6444808  1.8162594 ]
1,1,[0.5735645  0.05627383 0.05627383 ... 2.114916   1.0637845  2.8158877 ]
3,3,[0.         0.         0.         ... 1.0761057  0.76626045 0.68504727]
0,0,[0.26385185 0.         0.         ... 1.1945084  1.3260981  1.2638023 ]
4,4,[0.95555687 0.7833983  1.2575096  ... 1.8980126  1.4311856  1.4311856 ]
4,4,[0.         1.3618234  1.4481835  ... 0.43649772 0.43649772 1.4707234 ]
0,0,[0.9047905  0.15840374 0.2875802  ... 0.35761538 0.         0.        ]
1,1,[0.91579187 0.477578   0.2833655  ... 0.03155579 0.         1.0017064 ]
3,3,[0.11923321 0.         0.09768667 ... 0.         0.         0.        ]
3,3,[0.8090179  1.3771505  2.525485   ... 0.00770651 0.         0.08012076]
3,2,[0.6265752  0.16596623 0.16596623 ... 0.         0.         0.        ]
2,2,[0.6661221  1.4729092  1.4729092  ... 0.         0.         0.18373528]
2,2,[0.76458734 0.7343656  0.         ... 0.36981395 0.7521853  0.7521853 ]
4,1,[0.2763452 0.        0.        ... 0.0915639 0.0915639 0.2784218]
1,1,[0.05974879 0.         0.0997327  ... 0.21147501 0.30469522 0.06456938]
1,1,[0.10302024 0.22920328 0.4547894  ... 0.         0.5784281  1.1472735 ]
4,4,[0.         0.         0.5006113  ... 0.         0.00311799 0.0141286 ]
3,3,[0.08684943 0.2495965  0.8066772  ... 0.         0.         0.        ]
2,3,[0.4788034  0.04636617 0.28944844 ... 0.19373338 0.         0.        ]
3,4,[0.         0.         0.43767938 ... 0.01696287 0.         0.15266441]
0,0,[0.14614677 0.         0.07345831 ... 0.4671025  0.6108722  0.5436828 ]
0,0,[0.14221278 0.         0.         ... 0.         0.         0.        ]
3,3,[0.23755032 0.7271844  0.7271844  ... 0.06266131 0.         0.        ]
4,4,[0.         0.41524753 0.41524753 ... 0.9203726  0.8485755  0.8485755 ]
0,4,[0.5617259  0.         0.         ... 0.78909886 0.8835849  1.061853  ]
3,3,[0. 0. 0. ... 0. 0. 0.]
1,1,[0.         0.         0.03294694 ... 2.578679   2.522719   2.522719  ]
4,4,[0.        0.9413476 1.5284512 ... 0.        0.        1.0603188]
1,1,[0.        0.        0.        ... 2.8351588 2.3615654 1.8148373]
2,2,[0.27303073 1.2979802  1.3671073  ... 0.13721785 0.         0.5429911 ]
2,2,[0.87009007 2.7487044  3.2705653  ... 1.7564448  1.8285147  1.6205319 ]
3,4,[1.2457072  1.4873389  1.5411246  ... 0.         0.         0.00781906]
1,1,[0.03906572 0.19217579 0.34010753 ... 2.1220717  2.6410549  2.5210385 ]
1,1,[1.2150054  1.2150054  0.44126362 ... 2.1262202  2.2451549  2.3983655 ]
2,4,[1.4833999 2.410474  1.8355931 ... 0.        0.        0.       ]
3,3,[0.33655736 0.         0.37612522 ... 0.         0.         0.        ]
0,0,[0.59297264 0.96757853 0.96757853 ... 0.         0.07772854 1.011881  ]
0,0,[0.         0.         0.10805354 ... 0.20799099 0.45133838 0.4607003 ]
2,3,[0.7976913  0.7458527  0.437099   ... 0.33385742 0.33385742 0.23599558]
2,2,[0.66589683 0.09480494 0.09480494 ... 0.         0.         0.03544074]
4,4,[0.10379229 0.7933358  0.8317677  ... 0.79536563 0.76203257 0.43308607]
2,3,[0.21676663 0.12914355 0.12914355 ... 0.         0.         0.        ]
1,1,[0.         0.         0.         ... 0.17110734 0.         0.        ]
0,3,[0.4978607  0.572911   0.15694578 ... 0.83072543 0.14088646 0.34549668]
1,1,[0.7849478  0.         0.01958016 ... 0.69664454 1.1830165  2.0247324 ]
1,1,[0.07353031 0.14871001 2.0582051  ... 0.         0.02748654 0.28823325]
4,4,[0.1425578  0.         1.6064548  ... 0.8589814  0.92987263 1.0475332 ]
4,4,[2.0413823  2.0413823  0.70689124 ... 0.         0.         0.        ]
2,2,[0.32205105 0.54802334 0.9451551  ... 0.         0.         0.        ]
3,3,[0.         0.9271445  2.2099755  ... 1.1408907  0.73390806 0.8026304 ]
1,1,[0.25110796 3.208774   5.392408   ... 0.         0.         0.522293  ]
2,3,[0.08653851 0.20002419 0.34398955 ... 0.6951472  0.6951472  0.03722262]
2,2,[1.263767   0.70084566 1.2889099  ... 0.05293042 0.         0.20061097]
2,2,[0.4712     0.         0.         ... 0.92203647 0.51138955 0.28009912]
0,0,[0.11133634 0.40825787 0.2544657  ... 0.82469785 1.9545245  1.9545245 ]
2,2,[0.         0.         0.         ... 0.09129187 0.09129187 0.        ]
2,2,[1.3584759  3.5154467  4.1395006  ... 0.3081042  0.18675545 0.        ]
0,0,[0.8425159  0.67111063 0.         ... 1.0732976  1.2314842  1.2949902 ]
1,4,[0.13280724 0.         0.         ... 1.8301413  2.1318507  2.202678  ]
1,1,[0.36064768 1.0447787  1.3125503  ... 0.         0.         0.        ]
4,4,[1.764351  3.0539153 3.0539153 ... 1.8828566 1.867438  1.7028879]
2,2,[1.2755121 0.9655483 1.209027  ... 1.1426783 1.5473468 1.211009 ]
1,1,[1.7767682  2.6327772  1.7266928  ... 0.16213056 0.0589585  0.1203412 ]
3,3,"[1.0525872e+00 1.0525872e+00 2.7165896e-01 ... 9.9408429e-04 0.0000000e+00
 1.8721172e-01]"
1,1,[0.16117872 0.00334937 0.26557076 ... 2.0483358  1.1595188  1.644452  ]
0,3,[1.1416188  0.5352395  0.43044704 ... 0.03785585 0.         0.13440706]
1,4,[0.0636462  0.13617478 0.14686069 ... 0.19560702 0.4388802  0.308786  ]
1,1,[1.1197529  0.         0.34107637 ... 1.2604408  1.8739605  1.4623337 ]
4,4,[0.25510582 0.         0.08562462 ... 0.9796867  0.         0.51187783]
1,1,[0.01974021 0.         0.60783386 ... 0.         0.         0.        ]
4,4,[1.1039906  0.11337063 0.         ... 1.1571271  1.8374938  2.1297774 ]
3,3,[0.5862395  0.23037553 0.8603413  ... 0.         0.         0.        ]
3,3,[0.5394173  0.4783139  0.4783139  ... 0.         0.         0.22746907]
3,3,"[4.8180726e-01 3.2639647e-01 3.2639647e-01 ... 1.3396998e-04 0.0000000e+00
 0.0000000e+00]"
3,3,[0.29018348 0.         0.08932587 ... 0.96088564 0.7825419  0.17118281]
3,3,[0.3273605  0.23970106 0.20267692 ... 0.17307127 0.37575594 0.38340896]
1,1,[0.         0.         0.         ... 0.27282694 0.6792351  0.718694  ]
1,1,[3.9382215  3.9382215  2.130806   ... 0.31520325 1.1392746  1.2214767 ]
1,1,[0.183679   0.27030897 0.3256707  ... 0.         0.         0.38540858]
2,2,[0.6523104 1.1781727 1.0717876 ... 1.2868863 1.4823384 1.4401467]
1,1,[0.        0.        0.        ... 1.9607718 1.6086233 0.9372788]
2,3,[0.25000173 0.         0.38480815 ... 0.         0.         0.3060798 ]
3,4,[0. 0. 0. ... 0. 0. 0.]
4,4,[0.09860861 3.177251   3.314444   ... 0.         0.         0.        ]
4,4,[2.0519857  3.167899   3.167899   ... 0.20834787 0.         0.31116092]
1,4,[0.38624904 0.10758374 0.         ... 0.3652581  0.60417765 0.60417765]
2,4,[0.32680807 1.4088541  1.5290438  ... 0.8770679  0.9284513  0.87136596]
2,2,[1.8370916  1.3550533  0.34804907 ... 0.         0.         0.        ]
3,3,[0.        0.        0.        ... 2.2957478 2.2035046 1.6963024]
2,2,[0.13145925 0.         0.04435709 ... 0.07288297 0.18554023 0.32913485]
1,1,[0.00321496 0.00321496 0.10918733 ... 0.51260823 0.51260823 0.6655867 ]
3,3,[0.36775997 0.23677318 0.93337923 ... 1.7027525  1.7995049  1.5703102 ]
0,0,[0.01989044 0.03530077 0.30627182 ... 1.4539174  2.106642   1.9353895 ]
2,4,[1.0502107  0.60525507 1.4824607  ... 0.         0.         0.        ]
3,0,[1.0670868  0.770074   0.22925435 ... 0.22369905 0.00627295 0.06737134]
1,1,[0.05704346 0.13582505 0.30779174 ... 0.5226061  0.8871586  0.62291396]
2,2,[0.58905673 0.57652366 1.5821229  ... 0.         0.         0.        ]
1,1,[0.5360758 0.        0.        ... 1.5792596 1.3998743 1.4722216]
1,1,[0.21308018 0.0926488  0.0926488  ... 0.93351585 1.9744396  2.4948463 ]
2,3,[0.5561446  0.8131926  0.7548133  ... 0.         0.36941478 0.4206697 ]
1,1,[0.         0.79175675 1.0259627  ... 0.5441118  0.5441118  0.5727207 ]
0,0,[0.8252821  0.45008156 0.45008156 ... 1.4160216  1.7311003  1.7484257 ]
1,1,[0.         0.         0.05147761 ... 2.1736386  1.4851556  1.4851556 ]
1,1,[0.5094683  0.47564873 0.47564873 ... 0.         0.4354278  0.4354278 ]
4,4,[0.15854308 0.         0.8987774  ... 0.7931689  0.         0.06876606]
3,3,[2.2192464 2.6435986 2.6435986 ... 0.7651275 1.2495215 1.6906692]
3,3,[1.2116672 1.6840371 2.5556865 ... 0.        0.1826509 0.3383261]
4,4,[0.50273573 1.4875128  1.2459317  ... 0.10895371 0.63744956 0.8644034 ]
1,1,[0.21003896 0.         0.         ... 2.6387153  1.6301615  1.3452679 ]
2,2,[0.09127072 0.2802896  0.84973806 ... 0.         0.         0.        ]
2,2,[3.535263  3.535263  1.8879004 ... 0.4462661 0.        0.       ]
1,4,[0.20935106 1.0398113  1.5656686  ... 2.079889   1.8647044  1.7015607 ]
2,2,[0.20970075 0.5866421  0.6490552  ... 0.         0.         0.09248859]
3,3,[0.14271905 0.11101022 0.03859218 ... 0.         0.         0.        ]
1,1,[0.        0.        0.7939426 ... 0.8798869 0.8798869 0.3577592]
3,3,[0.7724677  0.47592726 0.7951588  ... 0.         0.         0.40918624]
0,0,[0.2617169  0.         0.7899325  ... 0.03650852 0.         0.37780115]
1,1,[0.         0.         0.         ... 0.7430316  0.50943935 0.46944198]
4,4,[1.9050266  2.4444788  3.1157808  ... 0.         0.         0.11095659]
3,3,[0.3451563  1.5240973  1.5240973  ... 0.         0.11758228 0.11758228]
4,4,[0.8476073  0.46864188 1.5329822  ... 0.10661147 0.0722768  0.5938662 ]
4,1,[0.48022088 1.5347452  1.5347452  ... 0.         0.         0.        ]
1,1,[0.6748956  0.68808615 0.35674173 ... 2.4818985  3.1035953  2.7879174 ]
4,4,[0.0283683  0.         0.         ... 0.62872875 0.2645181  0.15589085]
4,4,[1.3709174 1.4526536 1.3556665 ... 1.2383748 0.6267858 0.5497544]
3,3,[0.73791534 0.63596874 0.74962056 ... 0.4370708  0.41895285 0.6085595 ]
1,1,[0.25069126 0.01695804 0.01695804 ... 2.545869   2.161347   1.8402629 ]
4,4,[1.7940058 1.7940058 2.174598  ... 0.        0.        0.3595821]
2,2,[0.57402605 0.         0.         ... 0.29052514 0.3868156  0.3868156 ]
4,4,[2.544207   4.3690286  4.3690286  ... 1.0435331  0.01280519 0.15894438]
3,3,[0.257294 0.       0.       ... 0.       0.       0.      ]
2,2,[0.24931908 1.044627   1.044627   ... 0.         0.         0.        ]
0,0,[0.29273155 0.         0.         ... 0.         0.         0.        ]
2,2,[0.15761635 0.         0.4234357  ... 0.3364997  0.         0.        ]
2,2,[1.5630096  0.41317526 1.7126381  ... 1.2759173  1.5114781  1.7108436 ]
1,1,[0.09034584 0.2778738  0.20100673 ... 0.         0.1991513  0.4674002 ]
3,2,[0.3510246  0.36228803 1.9994642  ... 1.4784157  1.2947071  0.7651515 ]
0,4,[1.0678502  0.69934416 1.3313593  ... 0.7123714  0.64780104 1.1373624 ]
4,4,[2.15137   1.7009231 1.1664703 ... 0.        0.        0.       ]
3,3,[0.         0.55487967 0.34886992 ... 0.         0.         0.        ]
3,3,[0.33550566 0.         0.         ... 0.         0.17177492 0.45201498]
1,1,[0.9440304  1.3045183  0.40795067 ... 0.4607795  0.54182416 0.85702235]
3,0,[0.9248953  0.5754058  0.04673455 ... 0.         0.         0.18260446]
2,2,[1.2366704  1.2366704  0.30104363 ... 0.5594315  0.25250837 0.        ]
3,3,[0.0389255 0.        0.        ... 1.1300838 1.0392694 1.1682087]
3,3,[0.00718435 0.         0.         ... 0.25236166 0.22439046 0.02053086]
4,4,[0.         0.         0.4690482  ... 1.498996   1.498996   0.30568478]
3,3,[0.09053465 0.         1.1598872  ... 0.         0.         0.        ]
4,1,[0.        0.        0.        ... 2.7703116 2.187002  1.8447177]
1,1,[0.7757934  0.86309093 0.86309093 ... 1.0009729  1.1104398  0.9449483 ]
0,2,[0.         0.         1.1148169  ... 0.18682116 0.         0.13304202]
2,3,[0.6126221  0.55502105 0.55502105 ... 0.         0.         0.        ]
4,4,[0.        0.        0.        ... 1.1557952 1.2018391 1.2878706]
4,4,[0.        0.        0.        ... 1.7160025 1.6454229 1.3180795]
0,0,[0.         0.         0.         ... 0.63163215 1.8441534  1.9265252 ]
0,0,[0.         0.         0.         ... 0.5571503  0.35070893 0.15246484]
0,0,[0.         0.         0.5307775  ... 0.9016023  0.06859646 0.51037574]
4,4,[0.01393266 2.7042754  2.960036   ... 0.         0.         0.        ]
2,3,[0.         0.         0.         ... 0.05785747 0.436989   0.6654827 ]
0,0,[0.2723512 0.        0.        ... 0.        0.        0.       ]
1,1,[1.3892914  2.2096121  2.2096121  ... 0.         0.29269361 0.46576756]
4,4,[0.2971031 1.0029899 2.0575542 ... 2.5433044 2.4339354 1.917432 ]
1,1,[0.         0.5773174  0.154569   ... 0.71278584 0.00557061 0.20637256]
0,0,[0.         0.         0.         ... 0.74993986 2.0163803  2.061158  ]
0,0,[0.        0.        0.        ... 1.1381807 1.2949187 1.1485901]
3,3,[0.23507753 0.         0.         ... 0.         0.         0.        ]
4,4,[0.         0.         2.0886714  ... 1.5083159  1.4983404  0.65014505]
1,1,[0.3261996 0.        0.        ... 2.2655592 1.891078  2.2447655]
1,1,[0.         0.         0.12156539 ... 0.         0.         0.        ]
4,2,[0.0304633 0.        0.        ... 0.        0.        0.       ]
4,4,[0.35502678 0.9045712  1.2665564  ... 1.7724534  1.6908928  1.529545  ]
3,2,[1.3832891 0.7968564 0.6047016 ... 0.        0.        0.       ]
1,1,[0.29439026 0.28754354 0.23865665 ... 0.         0.         0.        ]
0,0,[0.20798013 0.         0.         ... 0.17736037 1.0423354  1.3220769 ]
1,1,[0.         0.         0.22487983 ... 0.         0.         0.        ]
0,0,[0.5168157  0.         0.75093555 ... 0.         0.         0.        ]
1,1,[0.        0.        0.        ... 1.9422349 2.2696023 2.2696023]
4,4,[0.78367716 0.78367716 1.386854   ... 0.31565318 0.98183775 1.72909   ]
4,4,[2.1283813  2.4104857  2.1191018  ... 0.         0.         0.00663125]
2,2,[1.6695839  2.0877469  2.0877469  ... 0.48291132 0.18608731 0.4395645 ]
3,3,[0.06606434 0.66462785 0.66462785 ... 0.         0.09820206 0.09820206]
4,4,[0.7357409 0.7357409 0.4024541 ... 0.8546699 1.0845549 1.4250067]
2,2,[0.2515538 0.        0.        ... 0.8457512 1.0597783 0.9321428]
0,0,[2.3851836  2.405665   1.7016461  ... 1.0296025  0.53369963 0.5439316 ]
1,1,[0.23066095 1.5613734  1.613764   ... 2.1041121  1.94018    0.93285865]
2,0,[0.00540012 0.         0.         ... 1.0271486  1.0271486  0.60536987]
2,2,[0.71596104 0.649436   0.81690687 ... 0.         0.         0.14429404]
1,1,[1.6197714 1.8088982 1.7155516 ... 0.7795217 0.1931457 0.       ]
1,1,[1.3505522  0.33365452 0.00228981 ... 2.0265296  2.1092653  1.7017586 ]
0,2,[3.4813805  2.7282515  0.7714448  ... 0.16664392 0.09900676 0.        ]
3,3,[0.         0.         0.00677213 ... 0.         0.         0.        ]
4,4,[0.51571196 0.45569256 0.45569256 ... 0.         0.         0.55843693]
4,4,[1.2774277 2.5789816 2.5789816 ... 0.        0.        0.2585089]
0,0,[0.         0.         0.         ... 0.52737665 0.46783945 0.5399832 ]
4,4,[0.09745374 0.         0.         ... 0.987412   1.296555   0.85517544]
0,0,[0.3676552  0.2864332  0.25650498 ... 0.         0.73595315 0.87393844]
1,4,[0.8749201  2.4662943  3.6932611  ... 0.00795454 0.17802867 0.        ]
2,2,[0.1537354  0.49050736 0.35206088 ... 0.22907121 0.         0.        ]
1,1,[0.32339007 0.5190463  0.4790612  ... 0.06056884 0.12003937 0.        ]
3,3,[0.28764522 0.         0.         ... 0.         0.         0.        ]
0,0,[0.         0.19907302 0.22054802 ... 1.8374237  1.3632525  0.76144665]
4,4,[0.08667689 1.4360746  1.4360746  ... 1.2574219  0.92246944 0.6903882 ]
3,3,[0.37086833 0.         0.         ... 0.         0.         0.        ]
1,1,[2.385436  2.4436471 1.1461335 ... 3.8619778 1.8893518 2.2766292]
0,0,[0.27947876 0.73336035 0.9866167  ... 1.9836187  2.0471041  1.887322  ]
0,0,[0.44003195 0.43343744 0.10737544 ... 0.         0.5291082  0.6902061 ]
1,1,[0.         0.         1.4350636  ... 0.10538185 0.10538185 0.        ]
0,0,[0.15061031 0.         0.         ... 0.9349249  1.0626433  1.063633  ]
1,1,[0.        0.        0.        ... 1.1975403 1.0574026 0.5609053]
2,2,[0.22605786 0.47357592 0.47357592 ... 0.6207417  0.2626265  0.26078576]
1,1,[1.9493904  1.0933459  0.         ... 0.8873083  0.94108343 0.33131638]
2,0,[0.81307304 0.5567694  0.10386081 ... 1.25807    1.8419574  1.9239234 ]
4,4,[0.25335485 0.         0.28416643 ... 2.022784   0.87201416 0.8807152 ]
2,2,[1.2832054 1.8204007 2.9454088 ... 0.511249  0.075064  0.       ]
3,0,[0.20220794 0.         0.         ... 1.1020393  1.170679   1.2149676 ]
3,3,[1.2531773  1.064251   1.0631943  ... 0.26338354 0.43432388 0.44173062]
4,4,"[1.3566978e-01 0.0000000e+00 1.1729767e+00 ... 1.2884311e-04 0.0000000e+00
 3.3277550e-01]"
4,4,[0.05708082 0.73127204 0.92661846 ... 0.77950555 0.36494225 0.        ]
4,4,[0.04411385 0.09066343 0.09804415 ... 0.71640587 0.43133613 0.52306116]
3,3,[0.3589773  0.03284315 0.08253343 ... 0.         0.17368115 0.10035187]
4,4,[0.        0.        0.        ... 3.4362142 3.4362142 2.4791448]
4,2,[0.         1.7988347  2.2880914  ... 0.52798504 0.52798504 0.53756315]
1,1,[0.13646685 0.         0.         ... 0.32191283 0.34355497 0.37722862]
4,4,[3.785317  4.7949862 3.999174  ... 1.104726  1.2733927 1.3375261]
1,1,[2.9122376 2.9122376 1.7686288 ... 0.        0.        0.       ]
4,4,[1.9933538  2.9940841  2.2985022  ... 0.         0.         0.01699643]
0,0,[0.37746146 1.0396669  1.0644364  ... 1.1312693  1.1312693  1.1244277 ]
1,1,[1.7706239  1.7706239  0.71447825 ... 0.         0.25005555 1.3648118 ]
0,0,[1.3108208 1.3436989 0.595885  ... 1.9572272 2.1340518 1.9251895]
4,4,[0.05094231 0.5109633  2.0942268  ... 0.         0.         0.        ]
1,1,[1.0677705  0.         0.         ... 2.4179878  2.4179878  0.52066714]
3,3,[1.4853991  1.0102289  0.88846236 ... 0.64228195 0.9482486  1.2002907 ]
2,3,[0.08116549 0.         0.         ... 1.249416   1.4843335  1.4843335 ]
2,2,[0.41623443 0.33917826 0.32805118 ... 1.4105384  1.2519909  0.73304415]
4,4,[2.3036206  2.4651637  1.7047501  ... 0.18697788 0.         0.        ]
3,3,[0.         0.         0.         ... 0.5296468  0.4919547  0.34033236]
1,1,[0.4012805 0.        0.        ... 0.        0.        0.       ]
2,2,[0.6571203  0.39990282 1.1333845  ... 0.3558217  0.2500959  0.17131037]
4,4,[0.8370272  0.11912117 0.23775293 ... 0.7516639  1.1328719  1.2202854 ]
2,2,[0.43378314 0.         0.09040843 ... 0.         0.         0.0206134 ]
0,0,[0.         0.23097914 0.6122918  ... 0.56020534 0.74659985 0.62927866]
1,1,[0.17683098 0.68016815 0.7467556  ... 1.2975389  0.         0.23145658]
4,4,[0.2206785  2.5413818  2.8575702  ... 0.82535857 0.7616066  0.73549634]
3,3,[2.8019464  2.7049904  1.7885938  ... 0.02742519 0.34238222 0.3245628 ]
4,3,[0.2822893  0.         0.         ... 0.28248304 0.78962076 1.4387326 ]
1,1,[0.12109484 0.         0.25471765 ... 1.5477912  1.5477912  1.289195  ]
2,2,[0.         0.         0.15165229 ... 0.12639959 0.12639959 0.10498826]
0,0,[0.09556036 0.5207146  0.5396     ... 1.1839479  1.0477462  0.52706635]
4,4,[0.00872649 0.3226692  0.15871242 ... 0.5206984  0.59574825 0.68734884]
2,2,[0. 0. 0. ... 0. 0. 0.]
1,1,[0.         0.         0.         ... 0.47434992 0.6535928  0.6535928 ]
3,3,[0.         0.11346317 0.27643153 ... 0.         0.03454803 0.        ]
3,3,[0.40782955 0.         0.         ... 0.         0.0903498  0.19457091]
0,0,[0.58341473 0.27752355 0.33188888 ... 0.6769151  0.48325217 0.10678969]
2,3,[0.00728209 0.         0.         ... 0.5364227  0.07126144 0.        ]
4,4,[0.05706403 0.         0.5345415  ... 0.1311423  0.         0.        ]
1,1,[0.         0.         0.         ... 1.6526672  0.7232213  0.12129153]
1,1,[0.        0.        0.        ... 0.        0.4262887 0.5780169]
0,0,[0.38509515 0.28465217 0.32023135 ... 1.8280076  1.8280076  0.55138767]
1,1,[0.2509641 0.        0.        ... 1.3593432 1.5516545 2.5100067]
4,0,[0.8225624  0.9110761  0.87086165 ... 0.599907   2.1325097  2.248553  ]
0,0,[0.36110646 0.51679575 0.51679575 ... 0.732088   0.99099326 1.1196312 ]
4,4,[0.9629408 0.9983486 1.1761688 ... 1.9430083 1.8913945 1.5381176]
4,3,[0.6480088  0.744385   0.8742212  ... 0.         0.         0.15321514]
3,3,[0.20638643 0.         0.4106333  ... 0.5042254  0.71248937 0.71248937]
3,3,[1.8548698  2.7296007  3.6720858  ... 0.         0.23248889 0.4559595 ]
1,4,[0.41252738 0.         0.         ... 0.         0.         0.20479144]
1,1,[1.0801347  1.4439257  1.4439257  ... 0.45969418 0.44391975 0.5255909 ]
1,1,[0.53121525 0.         0.         ... 3.7794406  1.5355179  3.1690648 ]
1,1,[0.31240094 0.7366633  1.7503234  ... 0.03557753 0.22044647 0.512134  ]
4,4,[0.42597488 0.76701295 1.1096209  ... 0.         0.         0.23321633]
0,0,[0.26933673 0.3516409  0.4685452  ... 0.18373002 0.18373002 0.04573921]
1,1,[0.37548763 0.47767723 0.46489987 ... 2.668276   2.6794896  2.316052  ]
3,3,[0.         0.         0.01624096 ... 1.8477988  1.9862968  1.9862968 ]
4,4,[0.08806509 1.7738752  1.7738752  ... 0.50883657 0.7403297  0.31833872]
1,1,[0.0178627 0.        0.        ... 1.8194239 1.4618139 1.5679305]
2,2,[0.        0.6004491 1.2059407 ... 0.        0.        0.       ]
4,4,[2.7338653  2.2931964  2.2678914  ... 0.10166247 0.3028445  0.40555397]
3,3,[0.         0.         0.         ... 0.30843663 0.32786    0.06495913]
4,3,[1.4479135  0.9015887  0.9015887  ... 0.05477811 0.         0.        ]
4,4,[0.         0.         0.         ... 0.31682965 0.27545783 0.6420149 ]
2,3,[0.46001726 0.10113092 0.10113092 ... 0.73202413 0.74523884 0.6002821 ]
4,4,[0.9949176  0.29751104 1.0446104  ... 0.         0.         0.        ]
2,2,[0.         0.11845437 0.11845437 ... 0.         0.         0.        ]
1,1,[0.         0.         0.01492289 ... 0.903432   0.83056283 0.37564895]
3,0,[0.6522442  0.6522442  0.21859203 ... 0.         0.         0.57420295]
3,3,[0.34273025 0.         0.8539815  ... 1.1789279  1.1789279  1.0055984 ]
2,2,[0.42061585 0.         0.         ... 0.         0.         0.04396293]
4,4,[0.12852433 0.25151253 0.8148592  ... 0.         0.         0.        ]
3,2,[0.25107962 0.10274278 0.5537535  ... 0.8684039  1.0589842  0.8902065 ]
2,2,[0.23063803 0.         0.         ... 0.         0.         0.03253525]
4,4,[1.9583433  3.1417322  2.8093412  ... 2.0759997  1.0632185  0.87803316]
3,3,[0.5932031 1.480265  1.560732  ... 2.1031325 1.4727861 1.2371927]
2,2,[0.         0.         0.00959655 ... 0.         0.         0.        ]
1,1,[0.        0.        0.        ... 0.8709709 0.8709709 0.4910599]
3,3,[0.36633262 0.         0.         ... 0.         0.         0.        ]
1,1,[0.04414135 0.14360522 0.         ... 0.         0.         0.04261365]
2,4,[1.5495616  1.8503355  2.920533   ... 0.9085907  0.34210607 0.2406439 ]
1,1,[1.0559236  1.0559236  0.6480427  ... 0.93472546 0.63896984 0.44853482]
4,4,[1.3934468  1.3934468  1.3945382  ... 0.         0.         0.01442218]
4,2,[0.         0.48170784 0.92274475 ... 1.8390595  2.1574044  2.1574044 ]
4,4,[0.        0.        0.340674  ... 1.465829  1.3197719 1.3197719]
4,4,[0.729782   2.2598655  2.762997   ... 1.5377107  1.5377107  0.41125774]
1,1,[1.6905037  2.6925943  2.8621778  ... 0.         0.         0.04219949]
1,1,[0.35757732 0.15742569 0.15742569 ... 1.0585482  0.33722034 0.44801995]
0,0,[0.27064493 0.32583082 0.32583082 ... 0.         0.         0.        ]
2,2,[0.2539277  0.         1.3012055  ... 0.79873693 0.95647657 1.0614321 ]
2,2,[0.92383295 1.0326866  0.59814435 ... 0.         0.         0.45182472]
2,2,[0.14380962 0.         0.         ... 0.9985867  0.7804577  0.57373154]
3,3,[0.6003344 1.6027681 1.8243074 ... 0.7958778 0.3018469 0.       ]
2,2,[0.37179112 0.70212126 0.66396606 ... 0.08494931 0.         0.17045589]
1,1,[0.22678222 0.         0.         ... 1.9700431  2.4680572  2.4680572 ]
2,2,[0.42489904 0.19374843 0.19374843 ... 0.         0.         0.        ]
1,1,[0.         0.         0.         ... 0.78226346 0.5712802  1.007044  ]
3,3,[0.09410959 0.         0.         ... 1.0158988  1.1424525  0.90529364]
4,4,[0.6753903  0.6753903  1.2267755  ... 0.7443871  0.88003063 0.8745521 ]
1,1,[0.7280101  0.7280101  0.41616175 ... 0.         0.         0.        ]
0,0,[0.         0.2561688  0.46930382 ... 0.7503645  1.1896893  1.5621117 ]
3,3,[0. 0. 0. ... 0. 0. 0.]
0,0,[0.521585   1.925726   1.925726   ... 0.5940571  0.66751975 1.0090554 ]
0,3,[0.3200734  0.31276068 0.9261946  ... 0.         0.         0.        ]
0,4,[0.05690521 0.         0.         ... 0.91069    1.7964258  1.7964258 ]
1,1,[0.7403593  0.         0.         ... 0.73976994 1.9191157  1.9191157 ]
2,2,[0.24248967 0.4095519  0.652528   ... 0.         0.32633877 0.30922273]
2,2,[0.9132257  0.         0.29713184 ... 0.         0.30672407 0.30672407]
2,3,[0.29700905 0.03288182 0.17677689 ... 1.3743762  1.3743762  0.9808586 ]
3,3,[0.30470592 0.20987025 0.41314113 ... 0.         0.         0.        ]
1,1,[1.3037177  1.3037177  0.9053972  ... 0.43181258 0.6112218  0.40980986]
3,3,[0.14728992 0.         0.17496304 ... 1.2926033  1.2926033  1.4720023 ]
2,2,[0.32842967 0.32842967 0.10535187 ... 0.         0.         0.        ]
4,4,[0.76605433 1.8746144  2.0284064  ... 0.1571429  0.1571429  0.02139701]
4,4,[0.40146124 1.4580412  1.690063   ... 0.         0.10606208 0.1315052 ]
3,4,[0.55971587 0.00934805 0.         ... 0.         0.         0.        ]
1,1,[0.21859828 0.         0.         ... 0.         0.         0.38631582]
2,2,[0.6299035  0.         0.         ... 0.06442122 0.00676176 0.22107641]
4,4,[1.5071073 1.6603011 2.0279777 ... 1.874663  1.874663  1.0032841]
3,3,[0.91848576 0.8417181  1.2742617  ... 0.91888595 0.61845195 1.0538852 ]
4,4,[0.12621969 0.93281186 1.7153094  ... 2.4981902  2.1417375  2.188601  ]
2,2,[1.0113885 1.0113885 1.178251  ... 0.741139  0.5073824 0.1850214]
1,1,[0. 0. 0. ... 0. 0. 0.]
3,3,[0.17986873 0.05885571 0.07745404 ... 1.1068135  0.23476766 0.1125925 ]
4,4,[0.         0.03337473 0.         ... 1.518266   1.9087036  2.0440247 ]
1,1,[0.        0.        0.        ... 0.        0.        0.0118882]
4,4,[0.        0.        0.        ... 1.01852   0.8572473 0.741866 ]
4,4,[0.36262903 2.3999686  2.9959617  ... 0.42035937 0.8385704  1.2514858 ]
3,2,[0.5394042  0.28914067 0.4518072  ... 0.         0.         0.        ]
3,3,[0.3035155  0.23621319 0.36061633 ... 1.7739666  1.7739666  0.49281403]
2,2,[0.11099701 0.         0.3055955  ... 1.0055827  1.0055827  0.11933229]
4,4,[0.2574962  0.30007142 0.30007142 ... 2.090131   2.041925   1.7046115 ]
1,1,[0.11270876 0.11270876 0.05131255 ... 0.07071692 0.01723445 0.        ]
1,1,[0.         0.0813004  0.0813004  ... 0.79302216 0.79302216 0.27951315]
0,0,[0.         0.         0.         ... 0.12043352 0.         0.81138   ]
1,1,[1.0009006  1.326788   1.9204724  ... 0.30981922 0.         0.9037308 ]
4,4,[1.3669294  0.40291676 0.94508016 ... 0.7633846  0.67033535 1.0303379 ]
1,1,[0.08816541 0.07552978 0.30010098 ... 0.43545207 0.90193975 0.9237965 ]
0,1,[0.22338912 0.7609522  0.         ... 0.         0.         0.1089652 ]
1,1,[0.85315454 0.         0.23286715 ... 1.711658   1.705158   1.6836497 ]
4,3,[0.3885204 1.409832  1.5120242 ... 0.        0.        0.       ]
3,3,[0.5465818  0.8982917  1.483777   ... 0.         0.         0.04549081]
4,4,[0.03198136 0.         0.         ... 0.8643842  0.26056355 0.        ]
0,0,[0.41376305 0.         0.         ... 1.4379689  0.94516087 0.3495362 ]
1,4,[0.         0.31483868 0.3117398  ... 0.28434104 0.         0.        ]
4,4,[1.1753364 2.9913688 2.9913688 ... 1.8260245 1.8260245 1.7472743]
3,3,[0.6255511  1.9705471  2.0485876  ... 0.         0.21159138 0.34837765]
2,2,[1.9580138  1.5444599  0.47677556 ... 0.31158203 0.31158203 0.22319755]
2,2,[2.753403  2.4423976 0.3847222 ... 0.5764067 0.6934916 0.5567066]
4,3,[0.07872975 0.         0.         ... 0.6283897  0.6283897  0.4233089 ]
4,4,[0.33124116 0.74961454 0.74961454 ... 0.         0.46555528 0.64815414]
3,3,[0.22010027 0.1749805  0.5369518  ... 0.5303367  0.0701769  0.32947496]
1,1,[0.        0.        0.        ... 1.9980456 2.634447  2.5803728]
1,1,[0.17232679 0.         0.12806535 ... 0.07352423 1.590954   1.6835573 ]
1,1,[0.18622425 0.         0.         ... 0.         0.74718285 0.74718285]
1,1,[0.         0.         0.         ... 0.6155391  0.34879065 0.        ]
0,2,[0.53470904 0.27509993 0.15039925 ... 0.90096027 1.665766   1.8947183 ]
4,4,[0.9710959  1.8875538  1.8875538  ... 0.42424473 0.3212537  0.76417184]
1,1,[0.         0.         0.         ... 1.4420977  0.93281215 0.        ]
4,0,[0.6819125  0.55232114 0.12219577 ... 0.10821545 0.219636   0.5034246 ]
1,1,[0.5211388  0.23892348 0.11787664 ... 0.         0.5275169  0.8937638 ]
4,4,[1.5057687  1.8428282  1.698812   ... 0.2232857  0.163731   0.28904992]
1,3,[0.3953004  0.2660446  0.2660446  ... 0.8251102  0.8251102  0.31851485]
3,3,[1.2055193 1.6044209 1.852373  ... 0.        0.        0.       ]
2,2,[0.         1.5166242  1.5166242  ... 0.22333823 0.22333823 0.36429387]
2,2,[0.         0.38057852 0.58724225 ... 0.5975287  0.6345884  0.77774817]
1,1,[1.4076586 1.4076586 0.5040555 ... 0.8361771 0.41018   1.4034622]
2,2,[0.42355216 0.38496232 0.26947638 ... 0.16388196 0.16388196 0.        ]
4,4,[0.2084339  0.29653555 0.9581202  ... 0.2532221  0.2532221  0.29629722]
1,1,[0.        0.        0.        ... 1.5895749 1.6366105 1.6179348]
4,3,[1.676654   1.7321095  2.899747   ... 0.         0.         0.00705336]
3,2,[0.02836176 0.         0.         ... 0.253717   0.253717   0.06873734]
4,4,[0.0057081 0.        0.        ... 0.        0.        0.       ]
0,4,[0.5295683  1.5955324  1.5955324  ... 0.3107271  0.45913762 0.35613716]
4,4,[0.        0.        1.2727901 ... 0.        0.        0.       ]
2,2,[0.67211473 0.24820296 0.33561075 ... 0.         0.         0.        ]
2,2,[0.91364014 0.91048646 0.37644273 ... 0.345495   0.50666296 0.6180677 ]
4,4,[0. 0. 0. ... 0. 0. 0.]
2,3,[0.3172454 0.1757042 0.1757042 ... 0.        0.        0.       ]
0,4,[0.1480866  0.         0.09206962 ... 0.10752544 0.66915405 0.6790452 ]
1,1,[0.06751239 0.         0.19320153 ... 0.1724533  0.1415704  0.        ]
3,3,[0.8715711  0.87035847 0.3596873  ... 0.         1.193465   1.5519285 ]
0,4,[0.        0.1784975 0.1784975 ... 0.        0.        0.       ]
0,0,[0.2813253 0.        0.        ... 1.3821832 1.1561028 1.2969102]
0,0,[0.04004916 0.28930143 0.46151912 ... 0.40646625 0.3376082  0.2292728 ]
0,0,[0.22162601 0.1651744  0.5560146  ... 0.         0.         0.        ]
1,1,[0.38414577 0.10990493 0.         ... 0.09441247 0.         1.6996363 ]
4,1,[0.60693395 0.60693395 0.         ... 1.9643849  1.2695746  1.0839481 ]
1,1,[0.23860557 0.         0.         ... 2.5051982  2.7652915  2.3189244 ]
2,2,[0.4676064  1.1273291  1.3170141  ... 0.19768132 0.31592274 0.2875589 ]
1,1,[0.02198152 0.41698593 0.9165232  ... 1.7995735  1.5720482  1.4538511 ]
3,2,[0.08545916 0.         0.         ... 2.40318    2.5501158  2.5126438 ]
1,1,[0.08388797 0.         0.         ... 1.4179674  2.4104152  2.5501344 ]
4,4,[0.35861135 0.39842972 0.         ... 1.716007   0.9255684  0.94967824]
4,4,[0.30207404 1.7122501  1.7122501  ... 0.18331438 0.62921715 0.62921715]
0,3,[0.21391821 0.         0.         ... 2.5025723  2.2356153  1.8134193 ]
3,3,[0.18359007 0.96571684 0.96571684 ... 0.41563758 0.52010995 0.6196188 ]
3,3,[0.18481518 0.76616853 1.0869762  ... 0.78073657 0.         0.5532848 ]
0,0,[0.613266   0.39701387 1.5817258  ... 0.97969407 0.97969407 0.31948698]
4,4,[0.10145357 0.         0.         ... 2.1323624  2.2772665  2.275124  ]
2,2,[0.09935856 0.08690652 0.46715832 ... 1.8696184  1.9776927  1.4454648 ]
0,0,[0.0301707  0.24142449 0.979327   ... 0.93937665 0.93937665 1.4298033 ]
1,1,[0.         0.13756417 0.14843339 ... 1.020335   0.         0.        ]
1,1,[0.87723327 1.7225382  1.9303638  ... 0.         0.         0.        ]
4,4,[0.         0.         0.         ... 0.25513542 0.29995456 0.33896375]
4,4,[0.        0.        0.        ... 1.2964842 0.4425478 0.       ]
4,4,[0.10971563 0.         0.         ... 0.35403985 0.8824511  0.99616224]
2,3,[0.5098468  0.11352108 0.11352108 ... 2.2142665  2.3260376  1.6256913 ]
4,4,[2.7724519  2.7724519  2.3764174  ... 0.32199058 0.31684253 0.4549654 ]
0,0,[0.37786317 0.         0.02598285 ... 0.8752337  1.284763   1.284763  ]
3,3,[0.         0.27112433 0.94837207 ... 0.40889913 1.1124536  1.2853208 ]
3,3,[1.0148884  0.75459415 0.67880917 ... 0.         0.5301209  1.0172718 ]
3,3,[0.4058412  0.4058412  0.         ... 0.28714985 0.         0.36044508]
4,2,[0.7845421  1.2973729  1.520081   ... 0.47318882 0.83810693 1.0531317 ]
0,0,[0.         0.         0.09333316 ... 1.0055561  1.0730958  0.6763753 ]
4,4,[1.5586479 1.4491912 1.4491912 ... 1.5828383 1.4166634 1.0977228]
2,2,[0.6871928 0.9756391 1.1426773 ... 0.        0.        0.       ]
0,0,[0.         0.         0.         ... 0.72884804 0.7767501  1.4116935 ]
0,0,[0.        1.0836551 1.0836551 ... 0.        0.        0.       ]
1,1,[0.43791962 0.23359199 0.23359199 ... 1.5262415  1.5262415  0.7030838 ]
1,1,[1.155608  1.155608  1.0482225 ... 0.        0.        0.       ]
1,1,[0.        0.        0.        ... 0.6167085 1.2413642 1.2413642]
4,4,[2.2289085  2.2289085  2.3506258  ... 0.34561896 0.35814413 0.34354448]
1,1,[0.03186145 0.         0.         ... 0.         0.9197682  1.1919364 ]
4,4,[0.02411642 0.         0.         ... 0.00094618 0.00094618 0.35198712]
1,1,[0.06609776 0.         0.         ... 1.4838684  1.7653134  1.7653134 ]
3,3,[0.57795185 0.29081452 0.3831392  ... 0.8139962  0.8938084  0.79913276]
2,2,[2.4447184  2.50443    2.7469435  ... 0.12783466 0.12783466 0.18487154]
4,4,[0.         0.         0.1680274  ... 0.02045644 0.33756685 0.11396232]
1,1,[0.11903401 0.         0.36934394 ... 0.03527407 0.         0.        ]
0,0,[0.3808666  0.44027296 0.8201974  ... 0.41202798 0.6353902  1.762608  ]
0,0,[0.12394819 0.02282472 0.79390997 ... 1.3507733  0.8726128  0.55860794]
4,4,[1.0234951  1.0234951  0.897224   ... 0.60708404 1.3570274  1.0945956 ]
4,4,[0.17597616 0.         0.         ... 0.28582653 0.11021654 0.        ]
4,1,[0.19171162 0.01853807 0.01853807 ... 0.         0.         0.        ]
3,3,[0.         0.         0.         ... 0.45486763 0.4528751  0.25896782]
3,3,[0.08834948 0.8142532  1.1193976  ... 0.4121324  1.535129   2.09136   ]
2,2,[0.         0.         0.         ... 0.34904915 0.34904915 0.18396048]
4,4,[0.19513759 0.15220506 0.6389765  ... 0.8765386  0.6513693  0.89804417]
2,2,[2.0228696  1.5735306  0.03390204 ... 0.         0.         0.        ]
3,2,[0.43409577 0.38280684 0.24495721 ... 0.48651794 1.1308326  1.0841025 ]
0,2,[0.9777799  1.3853451  2.008889   ... 0.05746351 0.04019793 0.        ]
3,3,[0.        0.        0.        ... 1.1221617 1.2784193 1.2784193]
4,4,[2.6693223  1.7570882  0.36647815 ... 2.0769603  2.082078   2.1438441 ]
2,3,[0.8228431 1.9910686 1.9910686 ... 0.        0.        0.       ]
0,0,[0.14826956 0.25571385 0.11777566 ... 0.6863136  0.39315224 0.        ]
1,1,[0.02249123 0.         0.         ... 1.2300603  1.4747449  1.6710563 ]
3,3,[0.07350034 0.06270146 0.03549948 ... 0.         0.         0.        ]
3,1,[0.1231466  0.         0.         ... 0.21812479 0.21812479 0.34022123]
3,3,[0.02344749 0.02187429 0.02187429 ... 0.         0.         0.0739943 ]
0,0,[1.4108706 1.4108706 1.1951566 ... 0.        0.        0.       ]
3,3,[0.         0.         0.65463483 ... 0.         0.         0.47713226]
3,4,[0.10912087 0.         0.24839357 ... 0.         0.         0.        ]
1,1,[1.0711466  0.53731024 0.3122414  ... 0.2301127  0.2301127  0.01651284]
0,3,[0.13985357 0.68663204 1.7463433  ... 1.3009729  1.3302765  0.79181266]
0,3,[0.         0.         0.         ... 0.24501963 0.07487224 0.3632427 ]
3,3,[0.13232373 0.41425416 0.5331661  ... 0.         0.         0.        ]
2,2,[0.6098089 1.9238241 1.9238241 ... 0.6153523 1.08804   1.08804  ]
2,2,[0.2559415  0.2086974  0.2086974  ... 0.46051213 0.37312603 0.35852638]
2,2,[0.06911608 0.         0.         ... 1.2962918  1.3297517  1.27171   ]
3,3,[1.6529145 1.7582515 1.3344917 ... 0.        0.        0.       ]
4,4,[0.         0.         0.         ... 0.         0.         0.38907364]
1,1,[0.15422107 0.         0.08157599 ... 0.         2.696976   2.9825091 ]
2,4,[0.8739712 1.3885058 1.3885058 ... 1.5211313 1.6589884 1.4970711]
2,4,[1.6328299 1.4958743 1.687636  ... 0.        0.        0.       ]
1,1,[1.4712822  0.9224527  0.85163397 ... 0.63629234 0.63629234 0.43340975]
3,3,[0.23592319 0.13890405 0.30758277 ... 0.         0.         0.        ]
2,2,[2.662306   2.662306   1.3978463  ... 0.         0.         0.01986864]
1,4,[0.95440316 0.95440316 0.71449965 ... 0.79754466 1.5218102  1.6205863 ]
3,3,[0.9302547  1.027834   1.4183334  ... 0.06943841 0.26176807 0.24658765]
3,3,[0.54153806 0.0506779  0.49199903 ... 0.63402283 0.26893878 0.26893878]
1,1,[0.08428103 1.1848434  3.7787569  ... 1.4458872  1.4458872  0.7986597 ]
1,1,[0.85502446 0.         0.         ... 2.1672795  1.0163281  1.5990279 ]
3,3,[0.7020624  0.48053017 0.759325   ... 0.         0.         0.        ]
0,0,[0.13818167 0.         0.         ... 0.55158603 0.6183122  0.59361106]
1,1,[2.6127632  3.8910036  3.8910036  ... 0.16665694 0.28369603 0.8114423 ]
2,2,[0.30044442 0.         0.         ... 0.40266547 0.22401282 0.09260852]
3,3,[0.01031732 0.         0.         ... 0.         0.         0.        ]
4,4,[0.46697852 0.8651169  1.0613241  ... 0.37679374 0.         0.02803001]
1,1,[0.5232323  1.9245069  1.9245069  ... 1.4101359  0.43673316 0.4683323 ]
3,3,[0.6400023  0.5465049  0.5622668  ... 0.6215496  0.67398024 0.5980326 ]
4,3,[0.6842324  1.9451652  2.1353834  ... 0.09223798 0.09223798 0.5201794 ]
2,3,[0.72673965 1.3266591  1.9144511  ... 0.14282718 0.14282718 0.        ]
2,2,[0.9934636  0.8217245  1.0636102  ... 0.03256036 0.49690098 0.86161983]
4,4,[1.005284   2.7262306  2.7262306  ... 0.13744763 0.3567695  0.3422037 ]
3,3,[0.21366666 0.         0.         ... 0.         0.         0.        ]
1,4,[0.3845122  0.42443225 0.29490787 ... 1.7981682  1.7362342  1.7362342 ]
1,1,[0.41407895 0.41407895 0.         ... 1.0042512  1.4870912  1.1696337 ]
3,3,[0.24478573 0.05508537 0.         ... 0.22028476 0.22921576 0.5248972 ]
2,0,[0.83076584 0.83076584 0.45983192 ... 1.693586   1.5588177  1.0890033 ]
1,1,[0.50187975 0.32850185 1.0777034  ... 0.523778   0.5334184  0.4626433 ]
2,2,[0.12493143 0.         0.         ... 1.9154963  1.8414149  1.4817182 ]
0,0,[0.5535458  0.53322136 0.7626455  ... 0.944477   0.9813699  0.8883222 ]
2,2,[0.7148775  0.1526354  0.18675338 ... 0.         0.         0.03785104]
2,2,[0.9515383 0.        0.        ... 1.071722  1.3747767 1.331884 ]
2,2,[0.        0.        0.        ... 1.0201975 1.0201975 1.0025089]
2,2,[0.         0.03310531 0.24035959 ... 1.894434   1.5134641  1.3056396 ]
3,3,[0.7358565  0.57905996 1.6290352  ... 0.         0.         0.14012884]
2,0,[0.5136021 0.        0.        ... 0.        0.        0.       ]
3,3,[0.6401555  0.33441263 0.50357383 ... 0.08135863 0.         0.        ]
1,1,[2.9486475  2.9486475  0.51683223 ... 0.29212183 2.1407385  2.5367103 ]
1,1,[0.19884396 0.09407208 1.112395   ... 2.2643278  2.5502083  2.4625812 ]
4,4,[1.2405901  1.2405901  0.67189133 ... 0.10087849 0.         0.15138441]
3,3,[0.28955516 0.         0.         ... 0.35443094 0.         0.75838834]
3,3,[0.9452229  1.445602   1.7215406  ... 0.01681262 0.04335116 0.15306775]
1,1,[0.         0.         0.         ... 1.7572844  0.83115107 0.16990326]
0,0,[0.12839244 0.02575836 0.02575836 ... 0.43422154 0.9619545  1.072802  ]
2,3,[0.30653802 0.3569326  0.78949094 ... 0.         0.         0.        ]
4,1,[0.         0.00838812 0.         ... 0.         1.0519059  1.5203352 ]
1,1,[1.0143569 1.4526024 1.5233295 ... 0.        0.        0.       ]
4,4,[1.2299777 3.124032  3.1742032 ... 0.        0.        0.       ]
0,3,[0.92846066 0.92846066 0.59936714 ... 0.         0.         0.        ]
2,2,[0.79677653 0.8004183  0.59483784 ... 0.37940368 0.01498746 0.        ]
4,4,[0.93634564 2.920866   2.920866   ... 0.         0.         0.        ]
4,4,[0.15500775 2.258271   2.258271   ... 0.8917451  0.6908445  0.        ]
4,4,[0.61388355 1.4899095  1.4899095  ... 0.         0.         0.24280556]
1,1,[1.4305649 0.        0.        ... 2.107878  2.3552997 3.0922813]
4,4,[1.3634855  4.1526194  4.1526194  ... 0.35356793 0.35356793 0.        ]
0,2,[0.67528814 1.4405134  1.9622434  ... 2.3391438  2.3391438  2.09692   ]
0,0,[0.09270085 0.         0.         ... 0.07262322 0.07262322 0.29509926]
1,1,[0.47765586 0.47765586 0.247098   ... 0.         0.         0.0123006 ]
1,4,[0.8766204 0.6882008 0.        ... 0.3362182 1.5837182 1.5837182]
0,0,[0.11109174 0.31766242 0.5508965  ... 0.43342012 0.7598233  1.1392367 ]
3,0,[0.6090235  0.6210678  0.6210678  ... 0.69881946 0.5093172  0.25092745]
4,4,[0.24015631 0.7994159  1.9649874  ... 0.5248268  1.0260539  0.9974856 ]
0,0,[0.         0.         0.         ... 0.41466194 0.5934942  0.3522639 ]
1,1,[0.12448656 0.         0.         ... 1.2511544  3.086212   3.4771647 ]
3,3,[0.32543573 0.12524934 1.063502   ... 0.         0.         0.        ]
3,3,[1.5085039 1.4765338 1.0971762 ... 0.        0.        0.       ]
3,3,[0.42369673 0.25036055 1.0260215  ... 0.12113093 0.22278656 0.03624737]
4,4,[0.02753118 0.         2.1142015  ... 1.5363029  1.4249464  0.5939468 ]
0,4,[0.17834139 0.76743275 1.9200034  ... 1.3935316  0.47280455 0.11842973]
0,0,[0.         0.         0.         ... 0.66680455 0.8007041  0.59867585]
1,1,[0.29669452 0.6803242  0.8094386  ... 0.         0.         0.5859058 ]
0,0,[0. 0. 0. ... 0. 0. 0.]
2,2,[0.11861093 0.         0.         ... 1.3330364  1.1960204  0.9068465 ]
4,1,[0.17061189 0.13576524 0.13576524 ... 0.         0.         0.05593174]
3,3,[1.4293361  1.7778317  1.9115018  ... 0.8900972  0.52206415 0.6932519 ]
0,0,[0.30099925 0.30099925 0.         ... 2.1757677  0.         0.29476738]
3,0,[0.25771388 0.03798907 0.02593774 ... 0.         0.         0.        ]
1,1,[0.         0.         0.14354348 ... 1.1860552  0.69754565 0.13395774]
2,2,[1.4130292  1.6985271  1.7343103  ... 0.04847435 0.         0.36050358]
1,1,[0.48883522 0.6227508  0.6227508  ... 0.41944218 0.05151512 0.23010948]
1,1,[1.1586856 0.949453  0.7267417 ... 3.2131171 3.2131171 1.8003803]
2,2,[1.0060699  1.4004511  1.4004511  ... 0.31268016 0.16255656 0.        ]
1,1,[0.4010042  0.54994434 1.379095   ... 0.11938292 0.06830732 0.        ]
3,3,[0. 0. 0. ... 0. 0. 0.]
3,3,[0.91603255 0.91603255 0.60334116 ... 0.38362283 0.35629958 0.5853697 ]
0,2,[0.2842495  0.04058867 0.38480398 ... 0.         0.         0.01508007]
1,1,[0.22746281 0.         0.00215286 ... 0.69934064 0.69934064 0.28798822]
2,2,[0.03842089 0.         0.         ... 0.         0.4004828  0.32339782]
3,3,[0.14816955 0.         0.         ... 1.4057229  1.6615691  1.2583826 ]
0,3,[0.8922012 1.3072106 1.3378993 ... 0.        0.        0.       ]
1,1,[0.        0.        0.        ... 1.5809733 1.7174472 1.8942397]
4,4,[2.5196788 2.523519  1.7200816 ... 1.5187758 0.9671308 0.       ]
3,3,[0.6565361  0.5260599  0.8606433  ... 0.         0.48692226 1.057858  ]
3,3,[0.         0.         0.73530346 ... 0.7626485  0.7626485  0.5884082 ]
3,3,[0.32680154 0.25538972 0.25538972 ... 0.18801044 0.         0.        ]
2,3,[0.86679137 0.83613396 0.54376334 ... 0.01708627 0.36144462 0.3636923 ]
1,1,[0.11413277 0.6876384  2.024279   ... 1.5477586  1.0255016  0.03662546]
1,4,[0.24758393 0.8754933  1.5996735  ... 0.02804646 0.         0.27973264]
1,1,[0.9387838 0.3369014 0.        ... 3.0443988 1.0017502 1.2415851]
4,4,[0.39776748 0.42413196 0.49457723 ... 0.2064935  0.08536849 0.11198536]
2,3,[0.02659881 0.         0.         ... 0.7411562  0.741464   0.73627275]
1,1,[0.         0.3305154  0.4951803  ... 0.44677335 0.12734753 0.03918219]
1,1,[1.8235391 0.2561045 0.        ... 1.3264418 2.2438521 2.2438521]
3,3,[1.2408981  1.0063401  0.17508848 ... 0.         0.02595245 0.06789172]
2,3,[1.520325  1.7471583 1.7117552 ... 0.        0.        0.       ]
2,3,[0.5402988  0.         0.16251387 ... 0.         0.         0.        ]
0,0,[0.7560669  0.36241892 0.6540372  ... 1.3631833  1.4723009  1.5510894 ]
2,2,[0.20475735 0.34279796 0.44891945 ... 0.         0.         0.        ]
0,0,[0.09289876 0.46168855 0.46168855 ... 0.41185087 1.3410188  1.8481647 ]
3,3,[0.96915734 0.34509605 0.28521034 ... 0.13013433 0.21583045 0.23772655]
1,1,[1.186881   0.5258353  0.16234054 ... 0.9395883  0.83869886 1.8308381 ]
4,4,[1.2313157  0.3957735  0.01956361 ... 0.7082258  0.26656082 0.55782706]
1,1,[0.8220766  0.3898586  0.25123537 ... 1.6236649  1.735306   1.708599  ]
4,4,[0.60848945 1.0732062  1.7012025  ... 0.         0.         0.        ]
1,1,[1.5959169  0.         0.         ... 0.41464293 0.         0.39448413]
3,3,[0.48487672 0.8480451  1.1723846  ... 0.         0.         0.        ]
4,4,[0.6816691  0.20706734 0.         ... 0.01344378 0.02947894 0.        ]
3,3,[0.35458252 0.7657674  0.9606311  ... 0.3127148  0.         0.19696088]
3,3,[0.24917415 0.         0.         ... 0.20707709 0.         0.44864205]
2,2,[0.09064386 0.24301103 0.24301103 ... 0.         0.         0.        ]
2,2,[0.5701205 1.0115583 0.9297392 ... 1.2544947 1.2544947 0.9439892]
1,1,[1.541128  0.733383  1.5187063 ... 1.6478138 1.5522715 1.428434 ]
1,1,[0.00422776 0.         0.422338   ... 0.         0.83531034 1.2186027 ]
3,2,[0. 0. 0. ... 0. 0. 0.]
2,2,[0.05512017 0.         0.         ... 0.49007535 0.6503215  0.65228796]
1,3,[0.72916573 0.80918545 0.7190516  ... 1.5921043  0.56264865 1.4903438 ]
3,3,[0.8899516 0.8899516 1.4217591 ... 0.        0.        0.       ]
0,0,[0.14096783 0.         0.         ... 0.         0.         0.        ]
1,1,[0.04177444 0.14092639 0.73698884 ... 0.         0.         0.        ]
2,2,[0.17699347 0.         0.56695366 ... 0.         0.         0.40569285]
1,1,[0.07331174 0.         0.16365488 ... 0.         2.4700456  2.604857  ]
4,4,[1.1021558  1.3201346  0.86866826 ... 0.25273147 0.         0.43530825]
1,1,[0.29791173 0.         0.         ... 1.0553421  2.268971   2.268971  ]
1,1,[1.3561409  0.05719222 0.56044483 ... 0.06508888 0.         0.01374002]
0,0,[0.6388841  0.55946267 0.4392811  ... 1.0543332  1.2551869  1.0704125 ]
1,1,[0.04714339 0.01153399 0.0790735  ... 0.         0.         0.        ]
4,4,[1.1205555  1.4085058  2.295678   ... 0.         0.4341323  0.79523206]
3,3,[0.         0.         0.         ... 0.23542106 0.         0.        ]
2,2,[0.03413512 0.09069611 0.28655806 ... 0.11954038 0.00300773 0.22117016]
2,2,[0.16447513 0.         0.         ... 0.         0.         0.        ]
4,4,[0.19320615 0.57539934 0.75283283 ... 0.9575667  1.2404696  1.2255093 ]
2,2,[0.         0.         0.12184457 ... 1.1896861  0.9384939  0.39318615]
1,4,[0.27439368 0.         0.         ... 1.0129722  0.79487556 0.51339215]
1,1,[0.09329341 0.         0.         ... 0.         0.         1.2420346 ]
0,0,[0.34025037 0.9567754  0.9567754  ... 1.1473557  0.60787183 0.4023638 ]
2,2,[1.8326625 1.8326625 0.5471555 ... 0.        0.        0.       ]
1,1,[0.04026529 0.318306   1.8780878  ... 0.         0.         0.29400414]
1,1,[0.         0.         0.0209889  ... 0.6810819  0.35465458 0.        ]
1,1,[0.        0.        0.        ... 1.2394912 1.2394912 1.1154852]
0,2,[0. 0. 0. ... 0. 0. 0.]
2,2,[0.8419945  0.5561148  0.3623813  ... 1.0668454  1.0007424  0.17940356]
2,2,[0.3517034 0.        1.3804423 ... 0.        0.        0.       ]
0,3,[0.37314117 0.15559441 0.3236637  ... 1.7749244  1.5827358  1.3226345 ]
0,0,[0.22202672 1.1113869  1.1060663  ... 1.0390549  1.6718106  1.6718106 ]
4,4,[0.08138251 1.7820214  2.8753407  ... 0.8753972  0.82263064 0.30625165]
0,2,[0.3096958  0.05667605 0.26314387 ... 0.         0.         0.        ]
0,0,[0.17557342 0.         0.         ... 0.9484174  1.0620137  1.4182831 ]
4,3,[0.17128246 0.12768605 0.33836344 ... 0.96995664 1.0546342  0.86819285]
1,1,[0.8636298  0.24315946 0.21677504 ... 2.6868484  1.7742919  2.5644898 ]
3,2,[1.2532334  0.25889233 0.96036285 ... 0.         0.         0.21563259]
3,3,[0.22809845 0.         0.         ... 0.         0.         0.        ]
1,1,[0.4493709 2.3093328 2.4242933 ... 1.5613743 1.0548726 0.8028418]
4,4,[0.         0.62603223 0.62603223 ... 1.2075311  0.26331776 0.14750321]
4,4,[1.2465286 1.645852  3.0478897 ... 0.        0.        0.4847462]
0,2,[0.04282255 0.         0.46971312 ... 0.74211526 0.39898127 0.49951926]
2,2,[1.8573916  2.644886   2.5041442  ... 0.21495189 0.         0.49747917]
4,4,[0.         0.6067558  0.6067558  ... 0.29318935 0.61018765 0.71739215]
3,3,[1.0860707  1.5977353  1.4381918  ... 0.56432813 0.         0.        ]
2,2,[0.23515363 0.         0.         ... 0.         0.         0.        ]
1,1,[0.         0.0536599  0.2984243  ... 0.66403264 0.66137856 0.56637853]
2,2,[0.814083   1.011951   1.011951   ... 0.         0.         0.00436253]
3,3,[1.207757   1.7028537  1.7028537  ... 0.         0.36133122 0.64433044]
1,1,[1.4886367  2.9024465  3.4465373  ... 0.         0.         0.32537436]
2,2,[1.365201   1.365201   0.35121617 ... 0.6653992  0.46341422 0.46341422]
4,4,[0.        1.5960904 4.2027564 ... 0.        0.        0.       ]
3,3,[0.30043158 0.21026756 0.5197003  ... 0.         0.         0.        ]
3,2,[0.13206652 0.04529004 0.01130804 ... 0.46966305 0.46966305 0.22488175]
4,4,[0.03788419 0.         3.795067   ... 0.52147627 0.52147627 0.45294732]
4,4,[0.        0.        0.1835646 ... 1.4860433 1.3790395 1.3301905]
1,1,[0.20362464 0.24180606 0.5749015  ... 0.         0.08727604 0.122776  ]
4,1,[0.        0.        0.052596  ... 2.54247   2.54247   1.3859595]
2,2,[1.6175148  2.3792233  2.34421    ... 0.77944225 0.29316458 0.25855628]
3,3,[0.85683954 1.4586872  1.4586872  ... 1.3152374  1.2538645  0.54224396]
1,1,[0.         0.         0.         ... 0.22498831 0.26157314 0.4747555 ]
4,4,[0.2073395  0.         0.         ... 0.         0.         0.04781756]
4,4,[0.9426613  1.232983   1.1822914  ... 0.71671283 1.5015413  1.7941501 ]
1,1,[0.         0.         0.19004223 ... 2.2828228  2.6865597  2.5494714 ]
4,4,[1.7613724 2.4429936 1.8097625 ... 1.7528394 1.9804986 1.7728041]
3,3,[0.42607087 0.369525   0.30066803 ... 0.5821614  0.67681736 0.5325674 ]
2,2,[0.9119937  0.8029528  1.0461433  ... 0.5392407  0.5392407  0.39290434]
3,3,[0.58644646 0.         0.         ... 0.01317767 0.         0.        ]
4,4,[0.         0.06492004 1.0101142  ... 0.         0.01177253 0.5300134 ]
2,3,[0.45795825 0.45551702 0.         ... 1.0338529  1.1690534  0.8624375 ]
1,3,[0.7533851  0.37738758 0.37738758 ... 1.1185939  1.5323865  1.5532598 ]
0,0,[0.5499362  0.         0.         ... 2.0815947  2.0815947  0.98181313]
1,1,[0.37073264 0.         0.         ... 1.2977498  1.8634282  1.8634282 ]
1,1,[0.5367988  0.         0.75668645 ... 0.5028992  0.5028992  0.43099183]
2,2,[0.         0.         0.13701122 ... 0.37865388 0.20509437 0.34024447]
4,4,[0.41477364 0.04236514 0.10499825 ... 0.39842027 0.17708486 0.02038052]
4,4,[0.70672965 0.9440918  1.0873282  ... 1.5590774  1.5590774  0.69616014]
2,3,[0.3662794  0.47407266 0.29368466 ... 1.2696013  0.857817   0.41639215]
0,0,[0.80352116 0.43714356 1.5028038  ... 0.         0.         0.        ]
3,0,[0.         0.40186933 1.1178743  ... 0.         0.         0.17457001]
2,2,[0.         2.81106    2.81106    ... 0.02967417 0.         0.        ]
3,3,[0.        0.56743   2.226638  ... 2.3388834 0.9503654 1.152798 ]
0,0,[0.6720131  0.31596398 0.8112411  ... 0.805292   0.93252957 1.2282304 ]
1,1,[0.543751   0.43119374 1.0481349  ... 0.00694435 0.4580039  0.57523733]
0,0,[0.         0.9118023  1.9769063  ... 0.         0.         0.15751988]
2,3,[0.         0.6126013  1.8091401  ... 0.         0.0106255  0.01334663]
2,2,[0.43912712 0.11646287 0.         ... 0.15132135 0.         0.        ]
0,0,[0.07846626 0.21614598 0.21614598 ... 1.3193856  0.99405956 0.75108737]
3,3,[0.         0.         0.76987636 ... 0.7506201  0.81649303 0.71842813]
2,3,[0.19457234 0.9363586  1.086043   ... 0.42899388 0.42899388 0.05801626]
3,2,[0.2512992  0.01962816 0.01962816 ... 0.09278639 0.25726485 0.25726485]
4,4,[0.05839093 0.         0.13239507 ... 0.08912385 0.         0.        ]
3,3,[0.04948024 0.         0.12344283 ... 0.         0.06369006 0.        ]
1,1,[3.255358   3.255358   0.5059524  ... 0.         0.29858202 0.4852203 ]
3,4,[0.06873752 1.299147   3.992486   ... 0.8404883  0.74720806 0.8140504 ]
4,4,[0.         0.         0.         ... 0.37572327 0.71427405 0.7486016 ]
2,3,[0.         0.         0.11509761 ... 0.         0.10154589 0.41719574]
1,1,[0.19318962 0.2428079  2.3524866  ... 0.50441116 0.50441116 0.        ]
3,3,[2.6125116  2.5869875  1.4561536  ... 0.         0.         0.09528996]
0,3,[0.8610509 1.0474108 0.8082505 ... 0.        0.        0.       ]
2,2,[0.06961835 0.         0.10784868 ... 0.44031638 0.20190445 0.11098033]
3,3,[0.         0.         0.         ... 0.52010393 0.5937687  0.5937687 ]
3,3,[0.14909996 0.         0.         ... 0.23575373 0.23575373 0.07034549]
2,3,[0.442145   0.20309289 0.15666881 ... 0.         0.92841697 1.0192261 ]
0,0,[0.81597763 0.81597763 0.52963966 ... 0.         0.         0.4870446 ]
1,1,[2.2805927 2.6914768 2.338657  ... 0.        0.        1.1094856]
2,2,[2.9019725 2.9019725 3.586121  ... 1.0710615 1.2000737 1.430229 ]
1,1,[0.44984302 1.2991595  1.2991595  ... 0.32679686 0.         0.07161953]
1,1,[0.36614278 0.11568969 0.         ... 1.8835666  2.044995   1.9503012 ]
2,3,[0.94931936 0.94931936 0.2276216  ... 2.0195286  1.6729943  1.4116228 ]
0,0,[0.6475458 1.0232588 1.0232588 ... 0.        0.6940364 0.7418656]
0,0,[1.2614785  1.2614785  0.68673027 ... 0.21941547 0.5448803  0.71413004]
0,0,[0.81338644 0.7709745  0.15989184 ... 0.         0.         0.        ]
1,1,[1.1503507 1.2159574 1.2159574 ... 1.7798247 0.6631439 1.2346874]
1,4,[1.0152501  0.5946663  0.5946663  ... 0.82491815 0.50678676 0.51277155]
1,1,[0.         0.         0.26492226 ... 0.         0.         0.        ]
0,0,[1.0040879 1.0040879 0.        ... 0.6519507 1.2389673 1.5588957]
3,3,[1.2852995  0.5964321  0.52117157 ... 0.         0.         0.08512387]
1,1,[0.9615938  0.24317488 0.58091617 ... 2.1114848  1.7204398  1.3058361 ]
1,1,[0.19081227 0.57129705 0.57129705 ... 1.7831647  2.2399836  2.2399836 ]
3,3,[1.5987518 2.2447877 3.1059275 ... 0.        0.        0.       ]
2,2,[2.5670264  2.673589   2.139381   ... 0.14621904 0.         0.41981685]
2,3,[0.         0.         0.         ... 0.13314328 0.13314328 0.06155804]
1,1,[0.4188848 0.6931081 1.1308419 ... 0.        0.        0.       ]
2,3,[0.7787231 1.0890521 1.5290432 ... 0.        0.1814778 0.1814778]
1,1,[0.38938087 0.         0.         ... 2.735512   2.735512   2.0633693 ]
2,2,[0.06983294 0.37087935 0.37087935 ... 0.         1.03235    1.2363476 ]
3,3,[0.11107226 0.         0.04072699 ... 0.         0.         0.        ]
1,1,[0.621024   0.         0.18665345 ... 0.22029726 0.4489465  0.51849926]
0,0,[0.9133153 2.0611615 2.079179  ... 2.9704688 2.431564  1.4632772]
3,3,[0.55734575 0.         0.         ... 0.         0.         0.        ]
2,2,[0.38609007 0.3519604  0.         ... 0.04488176 0.         0.        ]
3,3,[0.29523206 0.29523206 0.24056438 ... 0.         0.         0.2147755 ]
4,0,[1.1936188 2.11311   1.7871368 ... 0.7105061 1.1776537 1.2602407]
2,2,[0.11429066 0.         0.         ... 1.2257385  0.9624863  0.69601464]
1,4,[3.0286267 2.5509057 0.482984  ... 0.        0.        0.       ]
1,1,[0.19305046 0.         0.         ... 0.31693318 0.2950875  0.17163253]
2,2,[0.6272188  0.03610094 0.06761752 ... 0.         0.         0.10324712]
4,4,[0.46000874 0.36085996 0.47506177 ... 0.         0.         0.        ]
1,1,[0.8519578  0.45723858 0.8926247  ... 1.9666605  2.0527792  2.0527792 ]
0,0,[1.1781361 1.2686756 1.1552312 ... 1.3544897 1.3544897 1.202104 ]
3,3,[1.2827798  2.007651   1.3048116  ... 1.5730485  0.73966706 0.67644954]
2,3,[0.         0.         0.         ... 0.         0.         0.05287679]
1,1,[1.5749269  2.2023466  2.386671   ... 0.86547863 1.2535293  1.5866594 ]
2,2,[2.1083124 1.3396405 1.2182025 ... 0.        0.        0.       ]
